,wheel-base,length,width,curb-weight,num-of-cylinders,engine-size,bore,horsepower,city-mpg,highway-mpg,price,price-range,convertible,hardtop,hatchback,sedan,wagon,4wd,fwd,rwd
0,-1.6809100660380614,-0.43831506892451066,-0.8513345559782994,-0.014820636344078236,-0.3428038246190091,0.07520135170068498,0.5196498132072962,0.22240058567926305,-0.6506244800016466,-0.5409370591313337,0.03622351121532495,<20k,True,False,False,False,False,False,False,True
1,-1.6809100660380614,-0.43831506892451066,-0.8513345559782994,-0.014820636344078236,-0.3428038246190091,0.07520135170068498,0.5196498132072962,0.22240058567926305,-0.6506244800016466,-0.5409370591313337,0.4143504665852117,<20k,True,False,False,False,False,False,False,True
2,-0.7083343208611791,-0.24354426084678196,-0.18513448909205418,0.5167891455630864,1.5449651821870396,0.6047242453637887,-2.427321395335076,1.334146254867159,-0.9619947668595775,-0.6876689739564323,0.4143504665852117,<20k,False,False,True,False,False,False,False,True
3,0.16533541633161217,0.19469005732811231,0.14796554435106846,-0.4227103235528482,-0.3428038246190091,-0.4302523195231867,-0.5248463113393682,-0.010290368336808199,-0.18356904971475024,-0.10074131465603804,0.09347734306001662,<20k,False,False,False,True,False,False,True,False
4,0.09939807767555382,0.19469005732811231,0.2431369824776759,0.5187222720427488,0.6010806787840153,0.2196166863360769,-0.5248463113393682,0.3258187874641836,-1.117679910288543,-1.2745966332568266,0.5338914341730295,<20k,False,False,False,True,False,True,False,False
5,0.16533541633161217,0.25149820968411846,0.1955512634143688,-0.09407882201023733,0.6010806787840153,0.2196166863360769,-0.5248463113393682,0.1965460352330329,-0.9619947668595775,-0.8344008887815308,0.25705971975913566,<20k,False,False,False,True,False,False,True,False
6,1.1543954961725085,1.501277561516221,2.622422935642828,0.5573848016359971,0.6010806787840153,0.2196166863360769,-0.5248463113393682,0.1965460352330329,-0.9619947668595775,-0.8344008887815308,0.5666079095128533,<20k,False,False,False,True,False,False,True,False
7,1.1543954961725085,1.501277561516221,2.622422935642828,0.770028714398863,0.6010806787840153,0.2196166863360769,-0.5248463113393682,0.1965460352330329,-0.9619947668595775,-0.8344008887815308,0.7188653524404949,<20k,False,False,False,False,True,False,True,False
8,1.1543954961725085,1.501277561516221,2.622422935642828,1.025201409714302,0.6010806787840153,0.09927057413991697,-0.7486669094565106,0.972182548619937,-1.2733650537175085,-1.5680604629070236,1.3423658728590602,>=20k,False,False,False,True,False,False,True,False
9,0.39611610162782224,0.2109209580012579,-0.5182345225351769,-0.310588987732428,-0.3428038246190091,-0.4543215419624187,0.6315601122658666,-0.036144918783038334,-0.3392541931437157,-0.24747322948113662,0.40554218476295145,<20k,False,False,False,True,False,False,False,True
10,0.39611610162782224,0.2109209580012579,-0.5182345225351769,-0.310588987732428,-0.3428038246190091,-0.4543215419624187,0.6315601122658666,-0.036144918783038334,-0.3392541931437157,-0.24747322948113662,0.46782932050607756,<20k,False,False,False,True,False,False,False,True
11,0.39611610162782224,0.2109209580012579,-0.5182345225351769,0.2983458533612333,1.5449651821870396,0.8935549146345725,-0.07720511510508345,0.4809460901415644,-0.6506244800016466,-0.39420514430623516,0.9768221772352595,>=20k,False,False,False,True,False,False,False,True
12,0.39611610162782224,0.2109209580012579,-0.5182345225351769,0.4046678097426662,1.5449651821870396,0.8935549146345725,-0.07720511510508345,0.4809460901415644,-0.6506244800016466,-0.39420514430623516,0.9938095778924758,>=20k,False,False,False,True,False,False,False,True
13,0.7752557989001654,1.201005899063054,0.48106557779419107,0.9652744888447671,1.5449651821870396,0.8935549146345725,-0.07720511510508345,0.4809460901415644,-0.8063096234306121,-0.8344008887815308,1.429190365107054,>=20k,False,False,False,True,False,False,False,True
14,0.7752557989001654,1.201005899063054,0.48106557779419107,1.3035716227856902,1.5449651821870396,1.9766699244000119,1.0792013085001513,2.0580736673616027,-1.429050197146474,-1.2745966332568266,2.208723306377087,>=20k,False,False,False,True,False,False,False,True
15,0.7752557989001654,1.5905475152185162,0.9569227684272215,1.5935405947350525,1.5449651821870396,1.9766699244000119,1.0792013085001513,2.0580736673616027,-1.429050197146474,-1.2745966332568266,3.5368863725764728,>=20k,False,False,False,True,False,False,False,True
16,1.8467375520611362,1.8502419259888228,2.3844943403263126,1.8351814046928547,1.5449651821870396,1.9766699244000119,1.0792013085001513,2.0580736673616027,-1.5847353405754394,-1.5680604629070236,2.978818802837555,>=20k,False,False,False,True,False,False,False,True
17,-1.7138787353660894,-2.6862948121549857,-2.6595918803838137,-2.06393470478624,-1.2866883280220334,-1.5855749966063222,-1.569342435886031,-1.4064360924332358,3.397189249151455,3.274092726321229,-1.0137236819980977,<20k,False,False,True,False,False,False,True,False
18,-0.7083343208611791,-1.485208162342313,-1.0892631512948112,-1.3177478836365473,-0.3428038246190091,-0.8875675458685944,-1.1217012396517478,-0.8376359826161727,1.996022958290766,1.8067735780702432,-0.8697711905028729,<20k,False,False,True,False,False,False,True,False
19,-0.7083343208611791,-1.2498601025817215,-1.0892631512948112,-1.2500884568483626,-0.3428038246190091,-0.8875675458685944,-1.1217012396517478,-0.8376359826161727,1.996022958290766,1.8067735780702432,-0.8345380632138318,<20k,False,False,False,True,False,False,True,False
20,-0.8402089981732981,-1.371591857630303,-0.9940917131682072,-1.3138816306772223,-0.3428038246190091,-0.8875675458685944,-1.3455218377688887,-0.889345083508633,1.8403378148618006,1.5133097484200462,-0.9607481584670753,<20k,False,False,True,False,False,False,True,False
21,-0.8402089981732981,-1.371591857630303,-0.9940917131682072,-1.3138816306772223,-0.3428038246190091,-0.8875675458685944,-1.3455218377688887,-0.889345083508633,0.9062269542880079,1.0731140039447504,-0.8594529175110823,<20k,False,False,True,False,False,False,True,False
22,-0.8402089981732981,-1.371591857630303,-0.9940917131682072,-0.8267337578022933,-0.3428038246190091,-0.6950137663547385,-1.1217012396517478,-0.010290368336808199,-0.18356904971475024,-0.10074131465603804,-0.6606374135229223,<20k,False,False,True,False,False,False,True,False
23,-0.8402089981732981,-1.371591857630303,-0.9940917131682072,-1.1379671210279425,-0.3428038246190091,-0.8875675458685944,-1.3455218377688887,-0.889345083508633,0.9062269542880079,1.0731140039447504,-0.8780761419352897,<20k,False,False,True,False,False,False,True,False
24,-0.8402089981732981,-1.371591857630303,-0.9940917131682072,-1.0954383384753692,-0.3428038246190091,-0.8875675458685944,-1.3455218377688887,-0.889345083508633,0.9062269542880079,1.0731140039447504,-0.8198156493109112,<20k,False,False,False,True,False,False,True,False
25,-0.8402089981732981,-1.371591857630303,-0.9940917131682072,-1.0954383384753692,-0.3428038246190091,-0.8875675458685944,-1.3455218377688887,-0.889345083508633,0.9062269542880079,1.0731140039447504,-0.7044271574393018,<20k,False,False,False,True,False,False,True,False
26,-0.8402089981732981,-1.371591857630303,-0.9940917131682072,-0.704946789583561,-0.3428038246190091,-0.6950137663547385,-1.1217012396517478,-0.010290368336808199,-0.18356904971475024,-0.10074131465603804,-0.5850120224489449,<20k,False,False,False,True,False,False,True,False
27,0.7422871295721349,0.03238105059667016,-0.6134059606617842,-0.039951280579689656,-0.3428038246190091,-0.11735242781317091,0.03470518395348691,-0.37225407458403015,-0.18356904971475024,-0.10074131465603804,-0.5393347895706524,<20k,False,False,False,False,True,False,True,False
28,-0.477553635564969,-0.0812352541153398,0.1955512634143688,0.4935916278071374,-0.3428038246190091,0.7010011351207166,1.004594442461104,1.1014553008510877,-0.9619947668595775,-0.9811328036066295,-0.03059359803639214,<20k,False,False,True,False,False,False,True,False
29,-2.0105967593183602,-2.402254050374962,-0.9465059941049035,-1.6289812468621963,-0.3428038246190091,-0.8394291009901305,-1.569342435886031,-1.1478905879709342,3.708559536009386,3.4208246411463272,-0.8466179925700745,<20k,False,False,True,False,False,False,True,False
30,-2.0105967593183602,-2.402254050374962,-0.9465059941049035,-1.42406984001798,-0.3428038246190091,-0.8394291009901305,-1.569342435886031,-0.6825086799387918,0.9062269542880079,1.0731140039447504,-0.7993049359247909,<20k,False,False,True,False,False,False,True,False
31,-0.8402089981732981,-1.9640197322000679,-0.8989202750415998,-1.3892735633840567,-0.3428038246190091,-1.1523289927001463,-1.569342435886031,-1.096181487078474,1.996022958290766,1.6600416632451447,-0.9825171978278042,<20k,False,False,True,False,False,False,True,False
32,-0.8402089981732981,-1.9640197322000679,-0.8989202750415998,-1.1901615359788278,-0.3428038246190091,-0.8394291009901305,-1.569342435886031,-0.6825086799387918,0.7505418108590425,0.4861863446443562,-0.8403263626970315,<20k,False,False,True,False,False,False,True,False
33,-0.8402089981732981,-1.9640197322000679,-0.8989202750415998,-1.159231512304229,-0.3428038246190091,-0.8394291009901305,-1.569342435886031,-0.6825086799387918,0.7505418108590425,0.4861863446443562,-0.764826804220515,<20k,False,False,True,False,False,False,True,False
34,-0.37864762758088033,-0.876549387099405,-0.8989202750415998,-1.0548426824024586,-0.3428038246190091,-0.8394291009901305,-1.569342435886031,-0.6825086799387918,0.7505418108590425,0.4861863446443562,-0.7439385930420122,<20k,False,False,False,True,False,False,True,False
35,-0.37864762758088033,-1.3878227583034486,-0.9465059941049035,-1.0277789116871847,-0.3428038246190091,-0.8394291009901305,-1.532039002866508,-0.6825086799387918,0.7505418108590425,0.4861863446443562,-0.7439385930420122,<20k,False,False,False,False,True,False,True,False
36,-0.37864762758088033,-0.543815923299949,-0.32789164628196193,-0.6179560979987523,-0.3428038246190091,-0.4061830970839547,-0.6740600434174632,-0.42396317547649043,0.2834863805721461,0.33945442981925766,-0.6684390345654956,<20k,False,False,True,False,False,False,True,False
37,-0.37864762758088033,-0.543815923299949,-0.32789164628196193,-0.5155003945766442,-0.3428038246190091,-0.4061830970839547,-0.6740600434174632,-0.42396317547649043,0.2834863805721461,0.33945442981925766,-0.5174399176124627,<20k,False,False,True,False,False,False,True,False
38,-0.37864762758088033,0.09730465328924795,-0.32789164628196193,-0.48650349738170795,-0.3428038246190091,-0.4061830970839547,-0.6740600434174632,-0.42396317547649043,0.2834863805721461,0.33945442981925766,-0.5488980669776778,<20k,False,False,False,True,False,False,True,False
39,-0.37864762758088033,0.09730465328924795,-1.6127060609911454,-0.3550508967646636,-0.3428038246190091,-0.4061830970839547,-0.6740600434174632,-0.42396317547649043,0.2834863805721461,0.33945442981925766,-0.36644080065942963,<20k,False,False,False,True,False,False,True,False
40,-0.37864762758088033,0.09730465328924795,-0.32789164628196193,-0.17527013415605883,-0.3428038246190091,-0.4061830970839547,-0.6740600434174632,-0.036144918783038334,-0.18356904971475024,-0.39420514430623516,-0.032984417388148494,<20k,False,False,False,True,False,False,True,False
41,-0.37864762758088033,-0.4139687179147957,0.05279410622446102,-0.5077678886579945,-0.3428038246190091,-0.4061830970839547,-0.6740600434174632,-0.061999469229268474,-0.0278839062857848,0.045990600169060515,-0.36014917078638664,<20k,False,False,False,True,False,False,True,False
42,-0.7413029901892094,-0.2841215125296425,-1.945806094434268,-0.4227103235528482,-0.3428038246190091,-0.38211387464472274,-0.07720511510508345,-0.6307995790463315,-0.18356904971475024,-0.24747322948113662,-0.8081132177470511,<20k,False,False,False,True,False,False,False,True
43,-0.461069300900955,-0.12992795613477198,-0.32789164628196193,0.3447408888731313,-0.3428038246190091,-0.18956009513086686,0.3704360811292013,-0.32054497369156987,-0.18356904971475024,-0.24747322948113662,-0.2716888547714015,<20k,False,False,True,False,False,False,False,True
44,2.3412675919815844,2.061243634739697,1.7658799925033677,2.9196653597834707,1.5449651821870396,3.156061823922379,1.1165047415196743,1.902946364684222,-1.5847353405754394,-1.7147923777321221,2.3962138765937695,>=20k,False,False,False,True,False,False,False,True
45,2.3412675919815844,2.061243634739697,1.7658799925033677,2.9196653597834707,1.5449651821870396,3.156061823922379,1.1165047415196743,1.902946364684222,-1.5847353405754394,-1.7147923777321221,2.8114614482146103,>=20k,False,False,False,True,False,False,False,True
46,0.5279907789399413,1.4201230581505,2.241737183136398,2.69542268814263,7.208272202605186,4.792768949790154,0.7807738443439615,4.126437703060014,-1.8961056274333703,-2.008256207382319,2.868086117071998,>=20k,False,False,False,True,False,False,False,True
47,-0.9391150061573892,-1.2255137515720065,-0.8037488369149923,-1.2868178599619486,-0.3428038246190091,-0.8634983234293625,-1.1217012396517478,-0.889345083508633,0.7505418108590425,0.045990600169060515,-1.0081870477098198,<20k,False,False,True,False,False,False,True,False
48,-0.9391150061573892,-1.2255137515720065,-0.8037488369149923,-1.2674865951653245,-0.3428038246190091,-0.8634983234293625,-1.1217012396517478,-0.889345083508633,0.9062269542880079,1.0731140039447504,-0.8949377099950451,<20k,False,False,True,False,False,False,True,False
49,-0.9391150061573892,-1.2255137515720065,-0.8037488369149923,-1.2578209627670123,-0.3428038246190091,-0.8634983234293625,-1.1217012396517478,-0.889345083508633,0.9062269542880079,1.0731140039447504,-0.8068548917724425,<20k,False,False,True,False,False,False,True,False
50,-0.9391150061573892,-0.6006240756559529,-0.8037488369149923,-1.1804959035805156,-0.3428038246190091,-0.8634983234293625,-1.1217012396517478,-0.889345083508633,0.9062269542880079,1.0731140039447504,-0.8194381515185286,<20k,False,False,False,True,False,False,True,False
51,-0.9391150061573892,-0.6006240756559529,-0.8037488369149923,-1.1708302711822036,-0.3428038246190091,-0.8634983234293625,-0.9351840745541284,-0.889345083508633,0.9062269542880079,1.0731140039447504,-0.7313553332959261,<20k,False,False,False,True,False,False,True,False
52,-0.57645964354906,-0.4220841682513674,-0.08996305096544675,-0.33958588492736425,-2.2305728314250577,-1.3689519946532342,-0.0025982490660359926,-0.036144918783038334,-1.2733650537175085,-1.127864718431728,-0.2846496123098701,<20k,False,False,True,False,False,False,False,True
53,-0.57645964354906,-0.4220841682513674,-0.08996305096544675,-0.33958588492736425,-2.2305728314250577,-1.3689519946532342,-0.0025982490660359926,-0.036144918783038334,-1.2733650537175085,-1.127864718431728,-0.17140027459509538,<20k,False,False,True,False,False,False,False,True
54,-0.57645964354906,-0.4220841682513674,-0.08996305096544675,-0.32992025252905216,-2.2305728314250577,-1.3689519946532342,-0.0025982490660359926,-0.036144918783038334,-1.2733650537175085,-1.127864718431728,0.055098400834454074,<20k,False,False,True,False,False,False,False,True
55,-0.57645964354906,-0.4220841682513674,-0.08996305096544675,-0.10761070736787424,-2.2305728314250577,-1.1282597702609143,-0.0025982490660359926,0.8429097963887864,-1.429050197146474,-1.127864718431728,0.30676359575617573,<20k,False,False,True,False,False,False,False,True
56,0.0004920696914627898,0.292075461366979,0.29072270154097624,-0.32992025252905216,-0.3428038246190091,-0.11735242781317091,0.22122234905110638,-0.4756722763689507,0.12780123714318065,0.19272251499415907,-0.5488980669776778,<20k,False,False,True,False,False,False,True,False
57,0.0004920696914627898,0.292075461366979,0.29072270154097624,-0.2815920905374918,-0.3428038246190091,-0.11735242781317091,0.22122234905110638,-0.4756722763689507,0.12780123714318065,0.19272251499415907,-0.5929394760889791,<20k,False,False,False,True,False,False,True,False
58,0.0004920696914627898,0.292075461366979,0.29072270154097624,-0.32992025252905216,-0.3428038246190091,-0.11735242781317091,0.22122234905110638,-0.4756722763689507,0.12780123714318065,0.19272251499415907,-0.3286910214211714,<20k,False,False,True,False,False,False,True,False
59,0.0004920696914627898,0.292075461366979,0.29072270154097624,-0.2815920905374918,-0.3428038246190091,-0.11735242781317091,0.22122234905110638,-0.4756722763689507,0.12780123714318065,0.19272251499415907,-0.3727324305324727,<20k,False,False,False,True,False,False,True,False
60,0.0004920696914627898,0.292075461366979,0.29072270154097624,-0.217798916708632,-0.3428038246190091,-0.11735242781317091,0.22122234905110638,-0.9927632852935535,1.6846526714328351,1.6600416632451447,-0.30352450192899927,<20k,False,False,False,True,False,False,True,False
61,0.0004920696914627898,0.292075461366979,0.29072270154097624,-0.25259519334255554,-0.3428038246190091,-0.11735242781317091,0.22122234905110638,-0.4756722763689507,0.12780123714318065,0.19272251499415907,-0.24689983307161187,<20k,False,False,True,False,False,False,True,False
62,1.0060364841963754,0.06484285194295905,0.10037982528776135,0.22102079417473663,-0.3428038246190091,0.31589357609300484,1.6014493707734818,0.4550915396953343,-0.9619947668595775,-0.5409370591313337,0.6383324900655439,<20k,False,False,False,True,False,False,False,True
63,1.0060364841963754,0.06484285194295905,0.10037982528776135,0.27901458856460915,-0.3428038246190091,0.17147824145761292,0.3704360811292013,-0.7859268817237124,0.9062269542880079,1.219845918769849,0.6463857763030391,<20k,False,False,False,True,False,False,False,True
64,1.8467375520611362,1.3551994554579245,2.0989800259464904,1.854512669489479,0.6010806787840153,1.3508701409799801,0.9299875764220564,0.5326551910340247,-0.4949393365726812,-0.8344008887815308,1.5533871388009237,>=20k,False,False,False,True,False,False,False,True
65,1.8467375520611362,1.3551994554579245,2.0989800259464904,2.308797392210147,0.6010806787840153,1.3508701409799801,0.9299875764220564,0.5326551910340247,-0.4949393365726812,-0.8344008887815308,1.8926318215554045,>=20k,False,False,False,False,True,False,False,True
66,1.3027545081486438,1.0792741440144724,2.0989800259464904,1.8158501398962306,0.6010806787840153,1.3508701409799801,0.9299875764220564,0.5326551910340247,-0.4949393365726812,-0.8344008887815308,1.8835718745382226,>=20k,False,True,False,False,False,False,False,True
67,2.769860293245972,2.3047071448368603,2.7651800928327357,2.347459921803395,0.6010806787840153,1.3508701409799801,0.9299875764220564,0.5326551910340247,-0.4949393365726812,-0.8344008887815308,2.31442268824421,>=20k,False,False,False,True,False,False,False,True
68,2.769860293245972,2.3047071448368603,2.7651800928327357,2.289466127413523,3.4327341889930882,2.5784004853808113,0.48234638018777165,1.3600008053133892,-1.429050197146474,-1.8615242925572208,2.6395741200830742,>=20k,False,False,False,True,False,False,False,True
69,-0.36216329291686633,0.4949617197812817,2.194151464073098,2.18314417103209,3.4327341889930882,2.5784004853808113,0.48234638018777165,1.3600008053133892,-1.429050197146474,-1.8615242925572208,2.749300145068945,>=20k,True,False,False,False,False,False,False,True
70,3.6435300304387654,2.751056913348326,2.7651800928327357,2.5987663641595096,3.4327341889930882,4.359522945883978,1.750663102851577,2.109782768254063,-1.7404204840044049,-2.154988122207418,3.4922158004778674,>=20k,False,False,False,True,False,False,False,True
71,2.176424245341435,2.028781833393408,2.9079372500226435,2.241137965421962,3.4327341889930882,4.26324605612705,1.750663102851577,2.109782768254063,-1.7404204840044049,-2.154988122207418,4.050912533204089,>=20k,False,True,False,False,False,False,False,True
72,0.6433811215880463,0.3407681633864112,1.004508487490522,0.6849711492937167,-0.3428038246190091,0.31589357609300484,1.6760562368125294,1.877091814237992,-0.9619947668595775,-0.9811328036066295,0.4147279643775943,<20k,False,False,True,False,False,False,False,True
73,-0.8402089981732981,-1.371591857630303,-0.7085773987883849,-1.2326903185314009,-0.3428038246190091,-0.8394291009901305,-1.3455218377688887,-0.889345083508633,1.8403378148618006,1.5133097484200462,-0.9837755238024128,<20k,False,False,True,False,False,False,True,False
74,-0.8402089981732981,-1.371591857630303,-0.7085773987883849,-1.182429030060178,-0.3428038246190091,-0.8394291009901305,-1.3455218377688887,-0.889345083508633,0.9062269542880079,1.0731140039447504,-0.8831094458337242,<20k,False,False,True,False,False,False,True,False
75,-0.8402089981732981,-1.371591857630303,-0.7085773987883849,-1.066441441280433,-0.3428038246190091,-0.8394291009901305,-1.3455218377688887,-0.889345083508633,0.9062269542880079,1.0731140039447504,-0.822709799052511,<20k,False,False,True,False,False,False,True,False
76,-0.9555993408214032,-1.371591857630303,-0.9940917131682072,-0.7938706076480322,-0.3428038246190091,-0.6950137663547385,-1.1217012396517478,-0.010290368336808199,-0.18356904971475024,-0.10074131465603804,-0.694360549642433,<20k,False,False,True,False,False,False,True,False
77,-0.41161629690891066,-0.0974661547884831,-0.23272020815535452,-0.3589171497239884,-0.3428038246190091,-0.4061830970839547,-0.5994531773784156,0.3516733379104137,-0.3392541931437157,-0.10074131465603804,-0.4087205534062789,<20k,False,False,True,False,False,False,True,False
78,-0.41161629690891066,-0.0974661547884831,-0.23272020815535452,-0.44010846186980995,-0.3428038246190091,-0.11735242781317091,0.07200861697301146,-0.37225407458403015,-0.0278839062857848,0.19272251499415907,-0.5924361456991357,<20k,False,False,True,False,False,False,True,False
79,-0.477553635564969,-0.0812352541153398,0.1955512634143688,0.5361204103597106,-0.3428038246190091,0.7010011351207166,0.9299875764220564,1.1014553008510877,-0.9619947668595775,-0.9811328036066295,-0.07274751818578051,<20k,False,False,True,False,False,False,True,False
80,-0.477553635564969,-0.0812352541153398,0.1955512634143688,0.7062355405700033,-0.3428038246190091,0.7010011351207166,0.9672910094415793,1.1014553008510877,-0.9619947668595775,-0.9811328036066295,0.2091175001265477,<20k,False,False,True,False,False,False,True,False
81,-0.477553635564969,-0.0812352541153398,0.1955512634143688,0.7159011729683153,-0.3428038246190091,0.7010011351207166,0.9672910094415793,1.1014553008510877,-0.9619947668595775,-0.9811328036066295,0.16130111309142062,<20k,False,False,True,False,False,False,True,False
82,-0.41161629690891066,-0.1461588568079153,-0.23272020815535452,-0.3685827821223005,-0.3428038246190091,-0.11735242781317091,0.07200861697301146,-0.37225407458403015,-0.0278839062857848,0.19272251499415907,-0.7824433678650355,<20k,False,False,False,True,False,False,True,False
83,-0.41161629690891066,-0.1461588568079153,-0.23272020815535452,-0.2912577229358038,-0.3428038246190091,-0.11735242781317091,0.07200861697301146,-0.37225407458403015,-0.0278839062857848,0.19272251499415907,-0.6314442509120025,<20k,False,False,False,True,False,False,True,False
84,-0.41161629690891066,-0.1461588568079153,-0.23272020815535452,-0.2951239758951287,-0.3428038246190091,-0.4061830970839547,-0.5994531773784156,0.3516733379104137,-0.3392541931437157,-0.10074131465603804,-0.49428671967966425,<20k,False,False,False,True,False,False,True,False
85,-0.41161629690891066,-0.1461588568079153,-0.23272020815535452,-0.2951239758951287,-0.3428038246190091,-0.4061830970839547,-0.5994531773784156,0.3516733379104137,-0.3392541931437157,-0.10074131465603804,-0.49428671967966425,<20k,False,False,False,True,False,False,True,False
86,-0.7083343208611791,-0.7223558307045345,-0.9940917131682072,-1.288750986441611,-0.3428038246190091,-0.7190829887939706,-0.6740600434174632,-0.8634905330624028,0.9062269542880079,0.9263820891196519,-0.9699339380817181,<20k,False,False,False,True,False,False,True,False
87,-0.7083343208611791,-0.7223558307045345,-0.9940917131682072,-1.0413107970448217,-0.3428038246190091,-0.5746676541585787,-1.2709149717298411,-1.2254542393096246,3.085818962293524,2.833896981845933,-0.7686017821443408,<20k,False,False,False,True,False,False,True,False
88,-0.7083343208611791,-0.7223558307045345,-0.9940917131682072,-1.2326903185314009,-0.3428038246190091,-0.7190829887939706,-0.6740600434174632,-0.8634905330624028,0.9062269542880079,0.9263820891196519,-0.8252264510017282,<20k,False,False,False,True,False,False,True,False
89,-0.7083343208611791,-0.7223558307045345,-0.9940917131682072,-1.1940277889381525,-0.3428038246190091,-0.7190829887939706,-0.6740600434174632,-0.8634905330624028,0.9062269542880079,0.9263820891196519,-0.800059931509556,<20k,False,False,False,True,False,False,True,False
90,-0.7083343208611791,-0.32469876421250304,-0.9940917131682072,-1.0277789116871847,-0.3428038246190091,-0.7190829887939706,-0.6740600434174632,-0.8634905330624028,0.9062269542880079,0.9263820891196519,-0.7371436327791256,<20k,False,False,False,False,True,False,True,False
91,-0.7083343208611791,-0.7223558307045345,-0.9940917131682072,-1.1688971447025411,-0.3428038246190091,-0.7190829887939706,-0.6740600434174632,-0.8634905330624028,0.9062269542880079,0.9263820891196519,-0.7434352626521686,<20k,False,False,False,True,False,False,True,False
92,-0.7083343208611791,-0.6980094796948195,-0.9940917131682072,-1.020046405768535,-0.3428038246190091,-0.7190829887939706,-0.6740600434174632,-0.8634905330624028,0.9062269542880079,0.9263820891196519,-0.6805189639217383,<20k,False,False,True,False,False,False,True,False
93,-0.7083343208611791,-0.7223558307045345,-0.9940917131682072,-1.1302346151092928,-0.3428038246190091,-0.7190829887939706,-0.6740600434174632,-0.8634905330624028,0.9062269542880079,0.9263820891196519,-0.7182687431599964,<20k,False,False,False,True,False,False,True,False
94,-0.7083343208611791,-0.32469876421250304,-0.9940917131682072,-1.0026482674515733,-0.3428038246190091,-0.7190829887939706,-0.6740600434174632,-0.8634905330624028,0.9062269542880079,0.9263820891196519,-0.6553524444295661,<20k,False,False,False,False,True,False,True,False
95,-0.6094283128770904,-0.957703890465126,-0.9940917131682072,-1.0587089353617833,-0.3428038246190091,-0.7190829887939706,-0.6740600434174632,-0.8634905330624028,0.9062269542880079,0.9263820891196519,-0.6238942950643509,<20k,False,True,False,False,False,False,True,False
96,-0.2632572849327753,-0.06500435344219421,-0.32789164628196193,-0.4478409677884596,-0.3428038246190091,-0.16549087269163487,-0.0025982490660359926,-0.1395631205679589,0.2834863805721461,0.4861863446443562,-0.5358114768417483,<20k,False,False,True,False,False,False,True,False
97,-0.2632572849327753,-0.06500435344219421,-0.32789164628196193,-0.4903697503410328,-0.3428038246190091,-0.16549087269163487,-0.0025982490660359926,-0.1395631205679589,0.2834863805721461,0.4861863446443562,-0.46031191836523183,<20k,False,False,False,True,False,False,True,False
98,0.2642414243157032,0.6085780244932893,0.29072270154097624,1.0425995480312638,1.5449651821870396,1.3027316961015163,0.3704360811292013,1.2824371539746988,-1.2733650537175085,-1.2745966332568266,0.0367268416051684,<20k,False,False,False,True,False,False,True,False
99,0.2642414243157032,0.8439260842538809,0.29072270154097624,1.4311579704434096,1.5449651821870396,1.3027316961015163,0.3704360811292013,1.2824371539746988,-1.2733650537175085,-1.2745966332568266,0.14997617931994314,<20k,False,False,False,False,True,False,True,False
100,0.2642414243157032,0.8439260842538809,0.29072270154097624,0.9749401212430792,1.5449651821870396,1.3027316961015163,0.3704360811292013,1.2824371539746988,-0.9619947668595775,-0.8344008887815308,0.0367268416051684,<20k,False,False,False,True,False,False,True,False
101,-1.2358330301096576,-0.2841215125296425,0.9569227684272215,0.9962045125193658,1.5449651821870396,1.3027316961015163,0.3704360811292013,1.48927355754454,-0.9619947668595775,-0.8344008887815308,0.5023074522103534,<20k,False,False,True,False,False,False,False,True
102,-1.2358330301096576,-0.2841215125296425,0.9569227684272215,1.1276571131364101,1.5449651821870396,1.3027316961015163,0.3704360811292013,2.5234555753937453,-1.2733650537175085,-1.127864718431728,0.8168889458625055,<20k,False,False,True,False,False,False,False,True
103,0.06642940834752348,0.3488836137229828,0.9569227684272215,1.1276571131364101,1.5449651821870396,1.3027316961015163,0.3704360811292013,1.48927355754454,-0.9619947668595775,-0.8344008887815308,0.6533065691633864,<20k,False,False,True,False,False,False,False,True
104,1.5005665241168236,1.0143505413218947,1.1948513637437368,0.8976150620565825,-0.3428038246190091,-0.16549087269163487,0.48234638018777165,-0.1395631205679589,-0.9619947668595775,-0.9811328036066295,-0.16447948173474805,<20k,False,False,False,True,False,False,False,True
105,1.5005665241168236,1.0143505413218947,1.1948513637437368,1.2397784489568302,-0.3428038246190091,0.6047242453637887,1.3776287726563412,-0.19127222146041917,0.4391715240011116,0.33945442981925766,-0.0008971050356289869,<20k,False,False,False,True,False,False,False,True
106,2.539079607949764,2.0044354823836934,1.1948513637437368,1.3035716227856902,-0.3428038246190091,-0.16549087269163487,0.48234638018777165,-0.1395631205679589,-0.9619947668595775,-0.9811328036066295,-0.0965298791058832,<20k,False,False,False,False,True,False,False,True
107,2.539079607949764,2.0044354823836934,1.1948513637437368,1.6901969187181733,-0.3428038246190091,0.6047242453637887,1.3776287726563412,-0.19127222146041917,-0.0278839062857848,-0.8344008887815308,0.08215240928853915,<20k,False,False,False,False,True,False,False,True
108,1.5005665241168236,1.0143505413218947,1.1948513637437368,1.0039370184380154,-0.3428038246190091,-0.16549087269163487,0.48234638018777165,-0.19127222146041917,-0.9619947668595775,-0.9811328036066295,0.29858447692121975,<20k,False,False,False,True,False,False,False,True
109,1.5005665241168236,1.0143505413218947,1.1948513637437368,1.3461004053382633,-0.3428038246190091,0.6047242453637887,1.3776287726563412,-0.19127222146041917,0.4391715240011116,0.33945442981925766,0.464683505569556,<20k,False,False,False,True,False,False,False,True
110,2.539079607949764,2.0044354823836934,1.1948513637437368,1.409893579167123,-0.3428038246190091,-0.16549087269163487,0.48234638018777165,-0.19127222146041917,-0.9619947668595775,-0.9811328036066295,0.43888782309007957,<20k,False,False,False,False,True,False,False,True
111,2.539079607949764,2.0044354823836934,1.1948513637437368,1.7965188750996064,-0.3428038246190091,0.6047242453637887,1.3776287726563412,-0.19127222146041917,-0.0278839062857848,-0.8344008887815308,0.48670421012520665,<20k,False,False,False,False,True,False,False,True
112,1.5005665241168236,1.0143505413218947,1.1948513637437368,1.0039370184380154,-0.3428038246190091,-0.16549087269163487,0.48234638018777165,-0.1395631205679589,-0.9619947668595775,-0.9811328036066295,0.4307087042551236,<20k,False,False,False,True,False,False,False,True
113,1.5005665241168236,1.0143505413218947,1.1948513637437368,1.3461004053382633,-0.3428038246190091,0.6047242453637887,1.3776287726563412,-0.19127222146041917,0.4391715240011116,0.33945442981925766,0.5968077329034599,<20k,False,False,False,True,False,False,False,True
114,1.5170508587808376,1.0143505413218947,1.1472656446804297,1.1102589748194485,-0.3428038246190091,0.17147824145761292,1.0418978754806267,1.0238916495123973,-1.117679910288543,-0.9811328036066295,0.6219742523956321,<20k,False,False,False,True,False,False,False,True
115,-0.8402089981732981,-1.371591857630303,-0.9940917131682072,-1.2326903185314009,-0.3428038246190091,-0.8875675458685944,-1.3455218377688887,-0.889345083508633,1.8403378148618006,1.5133097484200462,-0.9607481584670753,<20k,False,False,True,False,False,False,True,False
116,-0.8402089981732981,-1.371591857630303,-0.9940917131682072,-0.8267337578022933,-0.3428038246190091,-0.6950137663547385,-1.1217012396517478,-0.010290368336808199,-0.18356904971475024,-0.10074131465603804,-0.6606374135229223,<20k,False,False,True,False,False,False,True,False
117,-0.8402089981732981,-1.371591857630303,-0.9940917131682072,-1.1379671210279425,-0.3428038246190091,-0.8875675458685944,-1.3455218377688887,-0.889345083508633,0.9062269542880079,1.0731140039447504,-0.8780761419352897,<20k,False,False,True,False,False,False,True,False
118,-0.8402089981732981,-0.5600468239730924,-0.9940917131682072,-1.0954383384753692,-0.3428038246190091,-0.8875675458685944,-1.3455218377688887,-0.889345083508633,0.9062269542880079,1.0731140039447504,-0.8198156493109112,<20k,False,False,False,True,False,False,True,False
119,-0.8402089981732981,-0.5600468239730924,-0.9940917131682072,-0.704946789583561,-0.3428038246190091,-0.6950137663547385,-1.3455218377688887,-0.889345083508633,0.9062269542880079,1.0731140039447504,-0.7044271574393018,<20k,False,False,False,True,False,False,True,False
120,0.7422871295721349,0.03238105059667016,-0.6134059606617842,-0.039951280579689656,-0.3428038246190091,-0.11735242781317091,0.07200861697301146,-0.37225407458403015,-0.18356904971475024,-0.10074131465603804,-0.5393347895706524,<20k,False,False,False,False,True,False,True,False
121,-0.477553635564969,-0.0812352541153398,0.1955512634143688,0.5071235131647743,-0.3428038246190091,0.7010011351207166,0.9672910094415793,1.1014553008510877,-0.9619947668595775,-0.9811328036066295,-0.0557601175285643,<20k,False,False,True,False,False,False,False,True
122,-0.7083343208611791,-0.43019961858793904,1.1472656446804297,0.42979845397827765,-0.3428038246190091,0.5806550229245567,2.272911165124909,1.0497461999586275,-0.9619947668595775,-0.5409370591313337,1.1086947393742417,>=20k,False,False,True,False,False,False,False,True
123,-1.532551054061926,-0.43019961858793904,-0.4230630844085694,0.38726967142570445,1.5449651821870396,1.6156315878115322,1.526842504734436,2.7044374285173562,-1.2733650537175085,-0.8344008887815308,2.431195338687889,>=20k,False,True,False,False,False,False,False,True
124,-1.532551054061926,-0.43019961858793904,-0.4230630844085694,0.38726967142570445,1.5449651821870396,1.6156315878115322,1.526842504734436,2.7044374285173562,-1.2733650537175085,-0.8344008887815308,2.61994423487918,>=20k,False,True,False,False,False,False,False,True
125,-1.532551054061926,-0.43019961858793904,-0.4230630844085694,0.4723272365308508,1.5449651821870396,1.6156315878115322,1.526842504734436,2.7044374285173562,-1.2733650537175085,-0.8344008887815308,2.9974420272617626,>=20k,True,False,False,False,False,False,False,True
126,-0.444584966236941,0.5923471238201461,0.29072270154097624,0.04510628452545669,-0.3428038246190091,0.12333979657914895,0.48234638018777165,-2.569890862513592,-0.3392541931437157,0.045990600169060515,-0.4922733981202905,<20k,False,False,False,False,True,False,True,False
127,-0.444584966236941,0.2109209580012579,0.33830842060427657,-0.1849357665543709,-0.3428038246190091,0.12333979657914895,0.48234638018777165,-2.569890862513592,-0.3392541931437157,0.045990600169060515,-0.41677383964377396,<20k,False,False,True,False,False,False,True,False
128,0.04994507368350713,1.006235090985323,0.29072270154097624,0.1978232764187876,-0.3428038246190091,-0.1414216502524029,0.7807738443439615,0.1965460352330329,-0.6506244800016466,-0.39420514430623516,-0.1707711116077911,<20k,False,False,True,False,False,False,True,False
129,0.04994507368350713,1.006235090985323,0.29072270154097624,0.26934895616629706,-0.3428038246190091,-0.1414216502524029,0.7807738443439615,0.1965460352330329,-0.6506244800016466,-0.39420514430623516,-0.13050468042031563,<20k,False,False,False,True,False,False,True,False
130,0.04994507368350713,1.006235090985323,0.29072270154097624,0.29254647392224603,-0.3428038246190091,-0.1414216502524029,-2.9495694576084084,0.1965460352330329,-0.6506244800016466,-0.39420514430623516,0.2306348742923549,<20k,False,False,True,False,False,False,True,False
131,0.04994507368350713,1.006235090985323,0.29072270154097624,0.3911359243850293,-0.3428038246190091,-0.1414216502524029,0.7807738443439615,0.1965460352330329,-0.6506244800016466,-0.39420514430623516,0.2897761950989595,<20k,False,False,False,True,False,False,True,False
132,0.04994507368350713,1.006235090985323,0.29072270154097624,0.48779224836815016,-0.3428038246190091,-0.1414216502524029,0.7807738443439615,1.48927355754454,-0.9619947668595775,-0.6876689739564323,0.6219742523956321,<20k,False,False,True,False,False,False,True,False
133,0.04994507368350713,1.006235090985323,0.29072270154097624,0.5631841810749844,-0.3428038246190091,-0.1414216502524029,0.7807738443439615,1.48927355754454,-0.9619947668595775,-0.6876689739564323,0.6811155732022366,<20k,False,False,False,True,False,False,True,False
134,-0.8402089981732981,-1.404053658976592,-1.1844345894214188,-0.9775176232159618,-0.3428038246190091,-0.7190829887939706,1.0792013085001513,-0.8634905330624028,0.9062269542880079,0.7796501742945533,-1.017876157714306,<20k,False,False,True,False,False,False,True,False
135,-0.8402089981732981,-1.322899155610871,-1.0892631512948112,-0.8421987696395926,-0.3428038246190091,-0.4543215419624187,1.0792013085001513,-0.7600723312774822,0.12780123714318065,0.045990600169060515,-0.7743900816275404,<20k,False,False,True,False,False,False,True,False
136,-0.9061463368293587,-1.371591857630303,-0.9940917131682072,-0.6102235920801027,-0.3428038246190091,-0.4543215419624187,1.0792013085001513,-0.7600723312774822,0.12780123714318065,0.045990600169060515,-0.705182153024067,<20k,False,False,True,False,False,True,False,False
137,-0.2632572849327753,-0.17862065815420416,-0.23272020815535452,-0.7938706076480322,-0.3428038246190091,-0.4543215419624187,1.0792013085001513,-0.527381377261411,1.0619120977169734,0.9263820891196519,-0.7652043020128976,<20k,False,False,False,True,False,False,True,False
138,-0.2632572849327753,-0.17862065815420416,-0.23272020815535452,-0.7068799160632234,-0.3428038246190091,-0.4543215419624187,1.0792013085001513,-0.527381377261411,0.4391715240011116,0.33945442981925766,-0.6835389462607989,<20k,False,False,False,True,False,False,True,False
139,-0.2632572849327753,-0.17862065815420416,-0.23272020815535452,-0.4169109441138609,-0.3428038246190091,-0.4543215419624187,1.0792013085001513,-0.2171267719066493,0.12780123714318065,0.19272251499415907,-0.40859472080881803,<20k,False,False,False,True,False,False,True,False
140,-0.2962259542608056,-0.17862065815420416,-0.23272020815535452,-0.32992025252905216,-0.3428038246190091,-0.4543215419624187,1.0792013085001513,-0.527381377261411,-0.18356904971475024,-0.8344008887815308,-0.5000750191628638,<20k,False,False,False,True,False,True,False,False
141,-0.2962259542608056,-0.17862065815420416,-0.23272020815535452,-0.08827944257125007,-0.3428038246190091,-0.4543215419624187,1.0792013085001513,0.22240058567926305,-0.18356904971475024,-0.24747322948113662,-0.24513817670715984,<20k,False,False,False,True,False,True,False,False
142,-0.2962259542608056,-0.05688890310562256,-0.23272020815535452,-0.5135672680969818,-0.3428038246190091,-0.4543215419624187,1.0792013085001513,-0.527381377261411,0.4391715240011116,0.19272251499415907,-0.7227987166685875,<20k,False,False,False,False,True,False,True,False
143,-0.2962259542608056,-0.05688890310562256,-0.23272020815535452,-0.194601398952683,-0.3428038246190091,-0.4543215419624187,1.0792013085001513,-0.2171267719066493,-0.0278839062857848,0.045990600169060515,-0.3786465626131332,<20k,False,False,False,False,True,False,True,False
144,-0.3127102889248196,-0.048773452769050915,-0.23272020815535452,-0.2622608257408676,-0.3428038246190091,-0.4543215419624187,1.0792013085001513,-0.527381377261411,-0.3392541931437157,-0.24747322948113662,-0.6535907880651141,<20k,False,False,False,False,True,True,False,False
145,-0.3127102889248196,-0.048773452769050915,-0.23272020815535452,0.1823582645814883,-0.3428038246190091,-0.4543215419624187,1.0792013085001513,0.22240058567926305,-0.3392541931437157,-1.127864718431728,-0.19040099681168537,<20k,False,False,False,False,True,True,False,False
146,-0.5105223048929993,-1.2579755529182954,-1.0892631512948112,-1.103170844394019,-0.3428038246190091,-0.8394291009901305,-1.0470943736127005,-1.0444723861860137,1.5289675280038697,1.219845918769849,-0.9889346602983081,<20k,False,False,True,False,False,False,True,False
147,-0.5105223048929993,-1.2579755529182954,-1.0892631512948112,-0.996848888012586,-0.3428038246190091,-0.8394291009901305,-1.0470943736127005,-1.0444723861860137,0.9062269542880079,1.0731140039447504,-0.8643603888120559,<20k,False,False,True,False,False,False,True,False
148,-0.5105223048929993,-1.2579755529182954,-1.0892631512948112,-1.0451770500041464,-0.3428038246190091,-0.8394291009901305,-1.0470943736127005,-1.0444723861860137,0.9062269542880079,1.0731140039447504,-0.8454854991929268,<20k,False,False,True,False,False,False,True,False
149,-0.5105223048929993,-0.36527601589536357,-1.0892631512948112,-0.532898532893606,-0.3428038246190091,-0.8394291009901305,-1.0470943736127005,-1.0444723861860137,0.9062269542880079,0.9263820891196519,-0.7913774822847567,<20k,False,False,False,False,True,False,True,False
150,-0.5105223048929993,-0.36527601589536357,-1.0892631512948112,-0.5135672680969818,-0.3428038246190091,-0.8394291009901305,-1.0470943736127005,-1.0444723861860137,0.2834863805721461,0.19272251499415907,-0.6680615367731131,<20k,False,False,False,False,True,True,False,False
151,-0.5105223048929993,-0.36527601589536357,-1.0892631512948112,1.0715964452262001,-0.3428038246190091,-0.8394291009901305,-1.0470943736127005,-1.0444723861860137,0.2834863805721461,0.19272251499415907,-0.5573288510075555,<20k,False,False,False,False,True,True,False,False
152,-0.5105223048929993,-0.6412013273388134,-0.7085773987883849,-0.9175907023464269,-0.3428038246190091,-0.6950137663547385,-0.5248463113393682,-0.8376359826161727,0.7505418108590425,0.9263820891196519,-0.7888608303355394,<20k,False,False,False,True,False,False,True,False
153,-0.5105223048929993,-0.6412013273388134,-0.7085773987883849,-0.8634631609158793,-0.3428038246190091,-0.6950137663547385,-0.5248463113393682,-0.8376359826161727,0.7505418108590425,0.9263820891196519,-0.7561443549957156,<20k,False,False,True,False,False,False,True,False
154,-0.5105223048929993,-0.6412013273388134,-0.7085773987883849,-0.5425641652919181,-0.3428038246190091,-0.4061830970839547,-0.22641884718317837,-1.1995996888633946,1.3732823845749043,0.7796501742945533,-0.6680615367731131,<20k,False,False,False,True,False,False,True,False
155,-0.5105223048929993,-0.6412013273388134,-0.7085773987883849,-0.5425641652919181,-0.3428038246190091,-0.4061830970839547,-0.22641884718317837,-1.1995996888633946,1.996022958290766,2.3937012373706374,-0.6819031224938077,<20k,False,False,True,False,False,False,True,False
156,-0.5105223048929993,-0.6412013273388134,-0.7085773987883849,-0.8924600581108155,-0.3428038246190091,-0.6950137663547385,-0.5248463113393682,-0.8376359826161727,1.996022958290766,2.3937012373706374,-0.6881947523668508,<20k,False,False,False,True,False,False,True,False
157,-0.5105223048929993,-0.6412013273388134,-0.7085773987883849,-0.8383325166802679,-0.3428038246190091,-0.6950137663547385,-0.5248463113393682,-0.8376359826161727,0.4391715240011116,0.4861863446443562,-0.6101785419411171,<20k,False,False,True,False,False,False,True,False
158,-0.5105223048929993,-0.6412013273388134,-0.7085773987883849,-0.8035362400463443,-0.3428038246190091,-0.6950137663547385,-0.5248463113393682,-0.8376359826161727,0.4391715240011116,0.4861863446443562,-0.49692920422634235,<20k,False,False,False,True,False,False,True,False
159,-0.7083343208611791,-0.4464305192610846,-0.8989202750415998,-0.7474755721361342,-0.3428038246190091,-0.6950137663547385,-0.5248463113393682,-0.8376359826161727,0.594856667430077,0.4861863446443562,-0.6479283211793753,<20k,False,False,False,True,False,False,False,True
160,-0.7083343208611791,-0.4464305192610846,-0.8989202750415998,-0.6798161453479497,-0.3428038246190091,-0.6950137663547385,-0.5248463113393682,-0.8376359826161727,0.594856667430077,0.4861863446443562,-0.6252784536364203,<20k,False,False,True,False,False,False,False,True
161,-0.7083343208611791,-0.4464305192610846,-0.8989202750415998,-0.5618954300885423,-0.3428038246190091,-0.6950137663547385,-0.33832914624174876,0.2482551361254932,0.12780123714318065,-0.24747322948113662,-0.49189590032790786,<20k,False,False,False,True,False,False,False,True
162,-0.7083343208611791,-0.4464305192610846,-0.8989202750415998,-0.4942360033003576,-0.3428038246190091,-0.6950137663547385,-0.33832914624174876,0.2482551361254932,0.12780123714318065,-0.24747322948113662,-0.4616960769373013,<20k,False,False,True,False,False,False,False,True
163,-0.06544526896459556,0.16222825598182342,-0.13754877002875385,-0.03028564818137757,-0.3428038246190091,0.46030891072839675,1.0792013085001513,0.3516733379104137,-0.18356904971475024,-0.10074131465603804,-0.5987277755721787,<20k,False,True,False,False,False,False,False,True
164,-0.06544526896459556,0.16222825598182342,-0.13754877002875385,-0.03801815410002724,-0.3428038246190091,0.46030891072839675,1.0792013085001513,0.3516733379104137,-0.18356904971475024,-0.10074131465603804,-0.44898698459375436,<20k,False,True,False,False,False,False,False,True
165,-0.06544526896459556,0.16222825598182342,-0.13754877002875385,-0.009021256905090985,-0.3428038246190091,0.46030891072839675,1.0792013085001513,0.3516733379104137,-0.18356904971475024,-0.10074131465603804,-0.4049455754824531,<20k,False,False,True,False,False,False,False,True
166,-0.06544526896459556,0.16222825598182342,-0.13754877002875385,0.23841893249169838,-0.3428038246190091,0.46030891072839675,1.0792013085001513,0.3516733379104137,-0.18356904971475024,-0.10074131465603804,-0.2526881325548115,<20k,False,True,False,False,False,False,False,True
167,-0.06544526896459556,0.16222825598182342,-0.13754877002875385,0.30607835927988297,-0.3428038246190091,0.46030891072839675,1.0792013085001513,0.3516733379104137,-0.18356904971475024,-0.10074131465603804,-0.2086467234435102,<20k,False,False,True,False,False,False,False,True
168,-0.06544526896459556,0.16222825598182342,-0.13754877002875385,0.8106243704717737,-0.3428038246190091,0.46030891072839675,1.0792013085001513,0.3516733379104137,-0.18356904971475024,-0.10074131465603804,0.561448773016958,<20k,True,False,False,False,False,False,False,True
169,0.593928117596002,0.11353555396239123,0.29072270154097624,-0.44397471482913475,-0.3428038246190091,-0.11735242781317091,-0.07720511510508345,-0.2688358727991096,0.594856667430077,0.4861863446443562,-0.5359373094392091,<20k,False,False,False,True,False,False,True,False
170,0.593928117596002,0.11353555396239123,0.29072270154097624,-0.14627323696112257,-0.3428038246190091,-0.4061830970839547,-0.22641884718317837,-0.7600723312774822,0.7505418108590425,0.33945442981925766,-0.31573026388270276,<20k,False,False,False,True,False,False,True,False
171,0.593928117596002,0.11353555396239123,0.29072270154097624,-0.2738595846188421,-0.3428038246190091,-0.11735242781317091,-0.07720511510508345,-0.2688358727991096,0.2834863805721461,0.19272251499415907,-0.40507140807991393,<20k,False,False,True,False,False,False,True,False
172,0.593928117596002,0.11353555396239123,0.29072270154097624,-0.2738595846188421,-0.3428038246190091,-0.11735242781317091,-0.07720511510508345,-0.2688358727991096,0.2834863805721461,0.19272251499415907,-0.29056374439053057,<20k,False,False,False,True,False,False,True,False
173,0.593928117596002,0.11353555396239123,0.29072270154097624,-0.18880201951369574,-0.3428038246190091,-0.11735242781317091,-0.07720511510508345,-0.2688358727991096,0.2834863805721461,0.19272251499415907,-0.2465223352792293,<20k,False,False,True,False,False,False,True,False
174,0.6763497909160766,0.7546561305515882,0.861751330300614,0.8125574969514362,1.5449651821870396,1.0620394717091963,-0.22641884718317837,1.51512810799077,-0.8063096234306121,-0.9811328036066295,0.42164875723794165,<20k,False,False,True,False,False,False,False,True
175,0.6763497909160766,0.7546561305515882,0.861751330300614,0.8898825561379329,1.5449651821870396,1.0620394717091963,-0.22641884718317837,1.51512810799077,-0.9619947668595775,-0.9811328036066295,0.35118250265985956,<20k,False,False,True,False,False,False,False,True
176,0.9400991455403147,1.1036204950241897,0.29072270154097624,1.1121921012991107,1.5449651821870396,1.0620394717091963,-0.22641884718317837,1.3858553557596194,-0.8063096234306121,-0.9811328036066295,0.31242606264191447,<20k,False,False,False,True,False,False,False,True
177,0.9400991455403147,1.1036204950241897,0.29072270154097624,1.150854630892359,1.5449651821870396,0.8213472473168766,-0.22641884718317837,1.3858553557596194,-0.9619947668595775,-0.9811328036066295,0.3199760184895661,<20k,False,False,False,False,True,False,False,True
178,-0.24677295026876128,-0.2029670091639214,-0.18513448909205418,-0.5696279360071919,-0.3428038246190091,-0.7190829887939706,-1.1963081056907954,-1.3030178906483152,1.8403378148618006,2.246969322545539,-0.6835389462607989,<20k,False,False,False,True,False,False,True,False
179,-0.24677295026876128,-0.2029670091639214,-0.18513448909205418,-0.6701505129496376,-0.3428038246190091,-0.4302523195231867,-0.5248463113393682,-0.44981772592272057,0.2834863805721461,0.4861863446443562,-0.6583724267686267,<20k,False,False,False,True,False,False,True,False
180,-0.24677295026876128,-0.2029670091639214,-0.18513448909205418,-0.5638285565682046,-0.3428038246190091,-0.7190829887939706,-1.1963081056907954,-1.3030178906483152,1.8403378148618006,2.246969322545539,-0.6558557748194095,<20k,False,False,False,True,False,False,True,False
181,-0.24677295026876128,-0.2029670091639214,-0.18513448909205418,-0.6643511335106503,-0.3428038246190091,-0.4302523195231867,-0.5248463113393682,-0.44981772592272057,0.2834863805721461,0.4861863446443562,-0.6306892553272374,<20k,False,False,False,True,False,False,True,False
182,-0.24677295026876128,-0.2029670091639214,-0.18513448909205418,-0.5425641652919181,-0.3428038246190091,-0.4302523195231867,-0.5248463113393682,-0.44981772592272057,0.2834863805721461,0.4861863446443562,-0.5929394760889791,<20k,False,False,False,True,False,False,True,False
183,-0.24677295026876128,-0.2029670091639214,-0.18513448909205418,-0.4575066001867717,-0.3428038246190091,-0.7190829887939706,-1.1963081056907954,-0.889345083508633,1.8403378148618006,1.6600416632451447,-0.4671068786281183,<20k,False,False,False,True,False,False,True,False
184,-0.24677295026876128,-0.2029670091639214,-0.18513448909205418,-0.4942360033003576,-0.3428038246190091,-0.4302523195231867,-0.5248463113393682,-0.061999469229268474,0.12780123714318065,0.19272251499415907,-0.4041905798976879,<20k,False,False,False,True,False,False,True,False
185,-0.7083343208611791,-1.209282850898861,-0.8037488369149923,-0.5831598213648288,-0.3428038246190091,-0.4302523195231867,-0.5248463113393682,-0.32054497369156987,-0.18356904971475024,-0.24747322948113662,-0.2028584239603106,<20k,True,False,False,False,False,False,True,False
186,-0.7083343208611791,-0.6898940293582478,-0.8989202750415998,-0.6469529951936885,-0.3428038246190091,-0.4302523195231867,-0.5248463113393682,-0.32054497369156987,-0.18356904971475024,-0.24747322948113662,-0.4060780688596008,<20k,False,False,True,False,False,False,True,False
187,0.2642414243157032,0.4868462694447077,0.48106557779419107,0.20362265585777486,0.6010806787840153,0.2196166863360769,-0.5248463113393682,0.1965460352330329,-0.9619947668595775,-0.9811328036066295,0.01105699172315279,<20k,False,False,False,True,False,False,True,False
188,0.2642414243157032,0.4868462694447077,0.48106557779419107,0.04510628452545669,-0.3428038246190091,-0.7190829887939706,-1.1963081056907954,-0.889345083508633,1.2175972411459388,1.0731140039447504,0.08026492032662624,<20k,False,False,False,True,False,False,True,False
189,0.2642414243157032,0.7221943292052992,0.48106557779419107,0.014176260850858017,-0.3428038246190091,-0.4302523195231867,-0.5248463113393682,-0.37225407458403015,-0.0278839062857848,0.045990600169060515,-0.11540476872501233,<20k,False,False,False,False,True,False,True,False
190,0.9071304762122844,1.1847749983899107,0.6238227349840989,0.6888374022530415,-0.3428038246190091,0.3399627985322368,1.6760562368125294,0.29996423701795344,-0.3392541931437157,-0.39420514430623516,-0.0336135803754528,<20k,False,False,False,True,False,False,False,True
191,0.9071304762122844,1.1847749983899107,0.6238227349840989,0.9246788327718564,-0.3428038246190091,0.3399627985322368,1.6760562368125294,0.29996423701795344,-0.3392541931437157,-0.39420514430623516,0.026156903418456088,<20k,False,False,False,False,True,False,False,True
192,0.9071304762122844,1.1847749983899107,0.6238227349840989,0.733299311285277,-0.3428038246190091,0.3399627985322368,1.6760562368125294,0.29996423701795344,-0.18356904971475024,-0.39420514430623516,0.3495466788928684,<20k,False,False,False,True,False,False,False,True
193,0.9071304762122844,1.1847749983899107,0.6238227349840989,0.9401438446091557,-0.3428038246190091,0.3399627985322368,1.6760562368125294,0.29996423701795344,-0.18356904971475024,-0.39420514430623516,0.4162379555471246,<20k,False,False,False,False,True,False,False,True
194,0.9071304762122844,1.1847749983899107,0.6238227349840989,0.9459432240481429,-0.3428038246190091,0.07520135170068498,1.0792013085001513,1.540982658437,-1.2733650537175085,-1.2745966332568266,0.6559490537100645,<20k,False,False,False,True,False,False,False,True
195,0.9071304762122844,1.1847749983899107,0.6238227349840989,1.1624533897703335,-0.3428038246190091,0.07520135170068498,1.0792013085001513,1.540982658437,-1.2733650537175085,-1.2745966332568266,0.7226403303643207,<20k,False,False,False,False,True,False,False,True
196,1.6983785400850009,1.1847749983899107,1.432779959060252,0.7661624614395381,-0.3428038246190091,0.3399627985322368,1.6760562368125294,0.29996423701795344,-0.3392541931437157,-0.39420514430623516,0.4577627127092087,<20k,False,False,False,True,False,False,False,True
197,1.6983785400850009,1.1847749983899107,1.3851942399969448,0.9536757299667926,-0.3428038246190091,0.3399627985322368,1.6760562368125294,1.48927355754454,-0.9619947668595775,-0.8344008887815308,0.7345944271231025,<20k,False,False,False,True,False,False,False,True
198,1.6983785400850009,1.1847749983899107,1.432779959060252,0.8821500502192832,1.5449651821870396,1.1101779165876604,0.9299875764220564,0.8170552459425562,-1.117679910288543,-1.127864718431728,1.041625964927603,>=20k,False,False,False,True,False,False,False,True
199,1.6983785400850009,1.1847749983899107,1.432779959060252,1.2784409785500785,1.5449651821870396,0.43623968828916476,-1.1963081056907954,0.09312783344811236,0.12780123714318065,-0.5409370591313337,1.1655710734265508,>=20k,False,False,False,True,False,False,False,True
200,1.6983785400850009,1.1847749983899107,1.432779959060252,0.978806374202404,-0.3428038246190091,0.3399627985322368,1.6760562368125294,0.29996423701795344,-0.9619947668595775,-0.8344008887815308,1.1850751260329841,>=20k,False,False,False,True,False,False,False,True
